Director,Producer,url,birthplace,name,birthday,Actor,photo_url,Screenwriter,ExecutiveProducer,bio
,,/celebrity/todd_haynes,,Todd Haynes,,,,,,
,,/celebrity/todd_haynes,,Todd Haynes,,,,,,
,,/celebrity/edith-meeks,,Edith Meeks,,,,,,
,,/celebrity/larry-maxwell,,Larry Maxwell,,,,,,
,,/celebrity/scott_renderer,,Scott Renderer,,,,,,
,,/celebrity/james-lyons,,James Lyons,,,,,,
,,/celebrity/millie_white,,Millie White,,,,,,
,,/celebrity/susan-norman,,Susan Norman,,,,,,
,,/celebrity/tony_pemberton,,Tony Pemberton,,,,,,
,,/celebrity/andrew_harpending,,Andrew Harpending,,,,,,
,,/celebrity/buck_smith,,Buck Smith,,,,,,
,,/celebrity/anne_giotta,,Anne Giotta,,,,,,
,,/celebrity/lydia_lafleur,,Lydia Lafleur,,,,,,
,,/celebrity/ian_nemser,,Ian Nemser,,,,,,
,,/celebrity/evan-dunsky,,Evan Dunsky,,,,,,
,,/celebrity/marina_lutz,,Marina Lutz,,,,,,
,,/celebrity/barry_cassidy,,Barry Cassidy,,,,,,
,,/celebrity/bruce_r_cook,,Bruce R. Cook,,,,,,
,,/celebrity/richard_anthony_crenna,,Richard Anthony Crenna,,,,,,
,,/celebrity/kyle_de_camp_2,,Kyle de Camp,,,,,,
,,/celebrity/angela_m_schreiber,,Angela M. Schreiber,,,,,,
,,/celebrity/justin_silverstein,,Justin Silverstein,,,,,,
,,/celebrity/chris_singh,,Chris Singh,,,,,,
,,/celebrity/edward_allen,,Edward Allen,,,,,,
,,/celebrity/carlos_jimenez,,Carlos Jim√©nez,,,,,,
,,/celebrity/al_quagliata,,Al Quagliata,,,,,,
,,/celebrity/michelle_sullivan,,Michelle Sullivan,,,,,,
,,/celebrity/parlan_mcgaw,,Parlan McGaw,,,,,,
,,/celebrity/frank_odonnell,,Frank O'Donnell,,,,,,
,,/celebrity/joe_dietl,,Joe Dietl,,,,,,
,,/celebrity/don_damico,,Don Damico,,,,,,
,,/celebrity/charles_cavalier,,Charles Cavalier,,,,,,
,,/celebrity/rob_labelle,,Rob LaBelle,,,,,,
,,/celebrity/kyle_decamp,,Kyle DeCamp,,,,,,
,,/celebrity/aimee_scheff,,Aimee Scheff,,,,,,
,,/celebrity/jessica,,Jessica,,,,,,
,,/celebrity/lorraine_traverson,,Lorraine Traverson,,,,,,
,,/celebrity/angela_schreiber,,Angela Schreiber,,,,,,
,,/celebrity/phil_w_petrie,,Phil W. Petrie,,,,,,
,,/celebrity/john_nadeau,,John Nadeau,,,,,,
,,/celebrity/jim_cagnard,,Jim Cagnard,,,,,,
,,/celebrity/lauren_zalaznick,,Lauren Zalaznick,,,,,,
,,/celebrity/chris_henricks,,Chris Henricks,,,,,,
,,/celebrity/leah_mullen,,Leah Mullen,,,,,,
,,/celebrity/elyse_steinberg,,Elyse Steinberg,,,,,,
,,/celebrity/bruce-cook,,Bruce Cook,,,,,,
,,/celebrity/andrew_bishop,,Andrew Bishop,,,,,,
,,/celebrity/tom_mccullough,,Tom McCullough,,,,,,
,,/celebrity/chava_tiger,,Chava Tiger,,,,,,
,,/celebrity/richard_hansen,,Richard Hansen,,,,,,
,,/celebrity/john_r_lombardi,,John R. Lombardi,,,,,,
,,/celebrity/tony_gigante,,Tony Gigante,,,,,,
,,/celebrity/douglas_f_gibson,,Douglas F. Gibson,,,,,,
,,/celebrity/richard_hansen_5,,Richard Hansen,,,,,,
,,/celebrity/damien_garcia,,Damien Garcia,,,,,,
,,/celebrity/les_simpson,,Les Simpson,,,,,,
,,/celebrity/joey_grant,,Joey Grant,,,,,,
,,/celebrity/gary_ray,,Gary Ray,,,,,,
,,/celebrity/david_danford,,David Danford,,,,,,
,,/celebrity/jason_bauer,,Jason Bauer,,,,,,
,,/celebrity/ken_schatz,,Ken Schatz,,,,,,
,,/celebrity/maurice_clapisson,,Maurice Clapisson,,,,,,
,,/celebrity/matthew_ebert,,Matthew Ebert,,,,,,
,,/celebrity/marie_francoise_vachon,,Marie-Francoise Vachon,,,,,,
,,/celebrity/michael_silverman,,Michael Silverman,,,,,,
,,/celebrity/michael_shawn_wilson,,Michael Shawn Wilson,,,,,,
,,/celebrity/nino_bau,,Nino Bau,,,,,,
,,/celebrity/wayne_compton,,Wayne Compton,,,,,,
,,/celebrity/raymond_dragen,,Raymond Dragen,,,,,,
,,/celebrity/john_duffy,,John Duffy,,,,,,
,,/celebrity/john_mcghee,,John McGhee,,,,,,
,,/celebrity/anthony_j_ribustello,,Anthony J. Ribustello,,,,,,
,,/celebrity/michael-miranda,,Michael Miranda,,,,,,
,,/celebrity/anthony_rubustillo,,Anthony Rubustillo,,,,,,
,,/celebrity/jonathan_smit,,Jonathan Smit,,,,,,
,,/celebrity/oscar_tevez,,Oscar Tevez,,,,,,
,,/celebrity/john-p-connolly,,John P. Connolly,,,,,,
,,/celebrity/gideon_joslyn_brown,,Gideon Joslyn Brown,,,,,,
,,/celebrity/john_connolly,,John Connolly,,,,,,
,,/celebrity/eric_cubano,,Eric Cubano,,,,,,
,,/celebrity/dani_michaeli,,Dani Michaeli,,,,,,
,,/celebrity/matt_ebert,,Matt Ebert,,,,,,
,,/celebrity/michael_a_miranda,,Michael A. Miranda,,,,,,
